{"mean": [-5.71416374870564, 1.5349438989248414, 1.1812103941845589, 0.02633333361695688, 0.06217948754186718, 0.1113589745408927, 0.15887179523885536, 0.18148717959709942, 0.17110256451922348, 0.13087179579843694, 0.08187179521132165, 0.04987179532718773, 0.026051282243898664, -5.8547879824271565, 2.0356942450102324, 1.7337963844840534, 0.02548717973359789, 0.07169230829757185, 0.11271794905695014, 0.12802564144994205, 0.13625641080001608, 0.14366666685777885, 0.14010256538704896, 0.12943589782867676, 0.07869230760022616, 0.03392307698511733, 2.6861717257505426, 0.914892280056404, 0.7322710952124535, 0.030384615463658404, 0.06441025666665667, 0.11223076927798012, 0.15669230806927842, 0.180871795098751, 0.16571794912362328, 0.12712820566808566, 0.08615384626094826, 0.050487179622555584, 0.025923077255869523, 11.192839310719418, 114.73290147536841, 104.59189388079521, 98.24234470954308], "scale": [4.3393341317756615, 1.7175334677465786, 1.3015503806954734, 0.02562434077236515, 0.060331295822319955, 0.0751934209763173, 0.06518108091734903, 0.059743413537824884, 0.07721109770527147, 0.07968244074518602, 0.04567762171804735, 0.04597082666455507, 0.022837158823819505, 4.070689866339911, 2.3800626850110813, 2.0740765363940334, 0.02714148272983241, 0.08130290260527533, 0.08608581017912985, 0.09167333004766598, 0.08292063589023606, 0.07755488806382385, 0.07916351071263676, 0.09629969136220659, 0.06425935149099385, 0.03048487160804981, 3.3876822893767042, 0.8832043296203951, 0.711026167153698, 0.02614271984542802, 0.0555424154454124, 0.0726738271843299, 0.06541569456607402, 0.0592158933780191, 0.0700550871203883, 0.06824585299569558, 0.05495431140562743, 0.036759350176250004, 0.02272001811522582, 1.7450323570640593, 51.6783883059276, 37.058590257656824, 30.440010704750076]}