{"mean": [-6.654848764869424, 0.613561486108945, 0.48747640809951687,
  0.01777777812467554, 0.038393162680455506, 0.08129914561047769, 0.14095726491023713, 0.18994871803567323, 0.19911111135067594, 0.1591111120696251, 0.09422222261404635, 0.0536410261112719, 0.025538461680850413, -3.5582647853427463, 0.7351441144561156, 0.5939698326441213, 0.017846154041078865, 0.03969230799752678, 0.07374358968411246, 0.12468376115728648, 0.15705982969803178, 0.1724444446233539, 0.16666666816713083, 0.14820512864961582, 0.07480341858334011, 0.024854700877052598, 3.897126682803162, 0.5046839674727784, 0.39853178550544965, 0.03155555570514029, 0.06735042755643272, 0.11562393159151842, 0.16164102608290237, 0.18468376070770443, 0.16882051290291497, 0.12365812031377076, 0.08205128202421798, 0.04290598310514265, 0.021709401940560747, 10.235468921498356, 90.5911723405887, 87.09431154300005, 91.47962902753781], "scale": [4.6108716999947434, 0.6833856764672042, 0.5434826195426545, 0.012621451940509256, 0.031252201906837175, 0.04904232666989473, 0.05982001319682757, 0.05277299323531818, 0.057767257757060785, 0.07106152199710958, 0.04614786946027345, 0.05194119984193881, 0.02498188667611241, 0.9747237121709966, 0.8174001237954925, 0.6642936180761142, 0.020292145858658336, 0.05130543222820421, 0.0519207405274934, 0.09822533459174955, 0.08445929605877303, 0.06803071742227802, 0.0738989850358889, 0.104125954436617, 0.07283328752130944, 0.02402180758941169, 3.0524831898593248, 0.5710193453141198, 0.4501435656336609, 0.028016003887890904, 0.05882951141397925, 0.07488609286723837, 0.06677970775255225, 0.0626814831593697, 0.07572426455348139, 0.07014821507179114, 0.0570874042030577, 0.03199411891485215, 0.01838108443935541, 0.5583231603144964, 31.543625618777348, 22.30787736210355, 31.758009292585115]}